-- MySQL dump 10.13  Distrib 5.7.30, for Linux (x86_64)
--
-- Host: 127.0.0.1    Database: arimobile
-- ------------------------------------------------------
-- Server version	8.0.20

/*!40101 SET @OLD_CHARACTER_SET_CLIENT=@@CHARACTER_SET_CLIENT */;
/*!40101 SET @OLD_CHARACTER_SET_RESULTS=@@CHARACTER_SET_RESULTS */;
/*!40101 SET @OLD_COLLATION_CONNECTION=@@COLLATION_CONNECTION */;
/*!40101 SET NAMES utf8 */;
/*!40103 SET @OLD_TIME_ZONE=@@TIME_ZONE */;
/*!40103 SET TIME_ZONE='+00:00' */;
/*!40014 SET @OLD_UNIQUE_CHECKS=@@UNIQUE_CHECKS, UNIQUE_CHECKS=0 */;
/*!40014 SET @OLD_FOREIGN_KEY_CHECKS=@@FOREIGN_KEY_CHECKS, FOREIGN_KEY_CHECKS=0 */;
/*!40101 SET @OLD_SQL_MODE=@@SQL_MODE, SQL_MODE='NO_AUTO_VALUE_ON_ZERO' */;
/*!40111 SET @OLD_SQL_NOTES=@@SQL_NOTES, SQL_NOTES=0 */;

--
-- Table structure for table `acc`
--

DROP TABLE IF EXISTS `acc`;
/*!40101 SET @saved_cs_client     = @@character_set_client */;
/*!40101 SET character_set_client = utf8 */;
CREATE TABLE `acc` (
  `id` int unsigned NOT NULL AUTO_INCREMENT,
  `id_account` int unsigned NOT NULL,
  `id_depp` int unsigned NOT NULL,
  `id_user` int unsigned NOT NULL,
  `id_account_other` int unsigned NOT NULL,
  `in_out` enum('in','out','exchange','zero') CHARACTER SET utf8 COLLATE utf8_bin NOT NULL,
  `date` timestamp NOT NULL DEFAULT CURRENT_TIMESTAMP,
  `dollar` decimal(20,2) NOT NULL DEFAULT '0.00',
  `dinar` decimal(20,0) NOT NULL DEFAULT '0',
  `type` enum('payout','payin','buy','give_debt','get_debt','expense','sell','drawing','quipment','edit_buy','edit_sell','transfer','cancel','active') CHARACTER SET utf8 COLLATE utf8_bin NOT NULL,
  `dollar_rate` float NOT NULL,
  `in_dollar` decimal(20,2) NOT NULL DEFAULT '0.00',
  `depp_balance` decimal(20,2) NOT NULL DEFAULT '0.00',
  `balance` decimal(20,2) NOT NULL DEFAULT '0.00',
  `detail` varchar(200) CHARACTER SET utf8 COLLATE utf8_bin DEFAULT NULL,
  `pair` int unsigned DEFAULT NULL,
  `id_outdepp` int unsigned DEFAULT NULL,
  `id_indepp` int unsigned DEFAULT NULL,
  PRIMARY KEY (`id`),
  KEY `FK_acc_user` (`id_user`),
  KEY `FK_acc_account_2` (`id_account_other`),
  KEY `FK_acc_depp` (`id_depp`),
  KEY `FK_acc_account` (`id_account`),
  CONSTRAINT `FK_acc_account` FOREIGN KEY (`id_account`) REFERENCES `account` (`id`),
  CONSTRAINT `FK_acc_account_2` FOREIGN KEY (`id_account_other`) REFERENCES `account` (`id`),
  CONSTRAINT `FK_acc_depp` FOREIGN KEY (`id_depp`) REFERENCES `depp` (`id`),
  CONSTRAINT `FK_acc_user` FOREIGN KEY (`id_user`) REFERENCES `user` (`id`)
) ENGINE=InnoDB DEFAULT CHARSET=utf8 COLLATE=utf8_bin COMMENT='id\r\nid_account\r\nid_depp\r\nid_user\r\nid_account_other\r\nin_out\r\ndate\r\ndollar\r\ndinar\r\ntype\r\ndollar_rate\r\nin_dollar\r\ndepp_balance\r\nbalance\r\ndetail';
/*!40101 SET character_set_client = @saved_cs_client */;

--
-- Dumping data for table `acc`
--

LOCK TABLES `acc` WRITE;
/*!40000 ALTER TABLE `acc` DISABLE KEYS */;
/*!40000 ALTER TABLE `acc` ENABLE KEYS */;
UNLOCK TABLES;

--
-- Table structure for table `acc_indepp`
--

DROP TABLE IF EXISTS `acc_indepp`;
/*!40101 SET @saved_cs_client     = @@character_set_client */;
/*!40101 SET character_set_client = utf8 */;
CREATE TABLE `acc_indepp` (
  `id` int unsigned NOT NULL AUTO_INCREMENT,
  `id_indepp` int unsigned NOT NULL,
  `id_acc` int unsigned NOT NULL,
  PRIMARY KEY (`id`),
  KEY `FK_acc_indepp_indepp` (`id_indepp`),
  KEY `FK_acc_indepp_acc` (`id_acc`),
  CONSTRAINT `FK_acc_indepp_acc` FOREIGN KEY (`id_acc`) REFERENCES `acc` (`id`),
  CONSTRAINT `FK_acc_indepp_indepp` FOREIGN KEY (`id_indepp`) REFERENCES `indepp` (`id`)
) ENGINE=InnoDB AUTO_INCREMENT=2086 DEFAULT CHARSET=utf8 COLLATE=utf8_bin;
/*!40101 SET character_set_client = @saved_cs_client */;

--
-- Dumping data for table `acc_indepp`
--

LOCK TABLES `acc_indepp` WRITE;
/*!40000 ALTER TABLE `acc_indepp` DISABLE KEYS */;
INSERT INTO `acc_indepp` VALUES (1,1,593),(2,2,599),(3,3,603),(9,9,671),(14,14,956),(15,15,961),(16,16,965),(17,17,969),(18,18,973),(19,19,977),(22,22,1093),(23,23,1119),(24,24,1123),(25,25,1127),(26,26,1132),(27,27,1137),(28,28,1146),(29,29,1261),(30,30,1280),(31,31,1387),(32,32,1391),(33,33,1432),(34,34,1437),(35,35,1442),(36,36,1547),(37,37,1586),(38,38,1591),(39,39,1596),(40,40,1601),(41,41,1686),(42,42,1796),(43,43,1841),(44,44,1893),(45,45,1897),(46,46,1953),(47,47,1958),(48,48,1962),(49,49,1966),(50,50,2043),(51,51,2048),(52,52,2122),(53,53,2126),(54,54,2167),(55,55,2258),(56,56,2339),(57,57,2343),(58,58,2347),(59,59,2351),(62,62,2454),(63,63,2543),(64,64,2547),(65,65,2551),(66,66,2720),(67,67,2727),(68,68,2731),(69,69,2736),(70,70,2741),(71,71,2852),(72,72,2906),(73,73,2911),(74,74,2916),(75,75,2921),(76,76,3051),(77,77,3055),(78,78,3059),(79,79,3126),(80,80,3187),(83,83,3248),(84,84,3253),(85,85,3258),(86,86,3555),(87,87,3559),(88,88,3613),(89,89,3672),(90,90,3677),(91,91,3681),(92,92,3797),(93,93,3802),(94,94,3807),(95,95,3909),(96,96,3913),(97,97,4032),(98,98,4069),(99,99,4073),(100,100,4115),(101,101,4119),(102,102,4124),(103,103,4129),(104,104,4133),(105,105,4141),(106,106,4230),(107,107,4234),(108,108,4316),(109,109,4321),(110,110,4448),(111,111,4452),(112,112,4549),(113,113,4554),(114,114,4657),(115,115,4780),(116,116,4785),(117,117,5047),(118,118,5051),(119,119,5092),(120,120,5097),(121,121,5102),(122,122,5107),(123,123,5187),(124,124,5235),(125,125,5239),(126,126,5244),(127,127,5249),(128,128,5257),(129,129,5262),(130,130,5267),(131,131,5271),(132,132,5400),(133,133,5507),(134,134,5532),(135,135,5537),(136,136,5542),(137,137,5547),(138,138,5552),(139,139,5654),(140,140,5658),(141,141,5715),(142,142,5720),(143,143,5725),(144,144,5730),(145,145,5735),(146,146,5851),(147,147,5899),(148,148,5999),(149,149,6003),(150,150,6008),(151,151,6013),(152,152,6018),(153,153,6023),(154,154,6028),(155,155,6033),(156,156,6038),(157,157,6193),(158,158,6198),(159,159,6203),(160,160,6208),(161,161,6216),(162,162,6220),(163,163,6224),(164,164,6532),(165,165,6536),(166,166,6540),(167,167,6545),(168,168,6550),(169,169,6555),(170,170,6560),(171,171,6678),(172,172,6683),(173,173,7002),(174,174,7006),(175,175,7119),(176,176,7291),(178,178,7303),(179,179,7308),(180,180,7348),(181,181,7816),(182,182,7889),(183,183,7893),(184,184,7898),(185,185,7903),(186,186,7908),(187,187,7913),(188,188,7918),(189,189,7923),(190,190,8077),(191,191,8182),(192,192,8186),(193,193,8262),(194,194,8267),(195,195,8272),(196,196,8277),(197,197,8281),(198,198,8289),(199,199,8294),(200,200,8381),(201,201,8385),(202,202,8486),(203,203,8546),(204,204,8550),(205,205,8635),(206,206,8671),(207,207,8676),(208,208,8681),(209,209,8686),(210,210,8691),(211,211,8696),(212,212,8895),(213,213,9052),(214,214,9056),(215,215,9121),(216,216,9126),(217,217,9131),(218,218,9136),(219,219,9246),(220,220,9359),(221,221,9364),(222,222,9369),(223,223,9506),(224,224,9643),(225,225,9725),(226,226,9730),(227,227,9735),(228,228,9740),(229,229,9832),(230,230,9836),(231,231,9909),(232,232,10122),(233,233,10126),(234,234,10131),(235,235,10136),(236,236,10141),(237,237,10229),(238,238,10344),(239,239,10349),(240,240,10354),(241,241,10359),(242,242,10673),(243,243,10678),(244,244,10683),(245,245,10688),(246,246,10693),(247,247,10783),(248,248,10787),(249,249,10791),(250,250,10878),(251,251,10883),(252,252,10888),(253,253,10893),(254,254,10898),(255,255,11036),(256,256,11090),(257,257,11229),(258,258,11234),(259,259,11239),(260,260,11244),(261,261,11249),(262,262,11254),(263,263,11370),(264,264,11374),(265,265,11490),(266,266,11495),(267,267,11500),(268,268,11505),(269,269,11510),(270,270,11515),(271,271,11519),(272,272,11775),(273,273,11779),(274,274,11931),(275,275,11936),(276,276,11941),(277,277,11945),(278,278,11950),(279,279,12106),(280,280,12110),(281,281,12193),(282,282,12198),(283,283,12203),(284,284,12208),(285,285,12213),(286,286,12218),(287,287,12379),(288,288,12383),(289,289,12482),(290,290,12594),(291,291,12599),(292,292,12756),(293,293,12760),(294,294,12861),(295,295,12869),(296,296,12874),(297,297,12879),(298,298,12884),(299,299,13001),(300,300,13076),(301,301,13081),(302,302,13086),(303,303,13091),(304,304,13096),(305,305,13101),(306,306,13108),(308,308,13304),(309,309,13418),(310,310,13423),(311,311,13428),(312,312,13433),(313,313,13438),(314,314,13648),(315,315,13653),(316,316,13658),(317,317,13662),(318,318,13784),(319,319,13866),(320,320,13871),(321,321,13876),(322,322,13881),(323,323,13886),(324,324,13999),(325,325,14003),(326,326,14007),(327,327,14067),(328,328,14072),(329,329,14077),(330,330,14082),(331,331,14456),(332,332,14461),(333,333,14466),(334,334,14471),(335,335,14475),(336,336,14479),(337,337,14715),(338,338,14794),(339,339,14800),(340,340,14852),(341,341,14859),(342,342,14864),(343,343,14869),(344,344,14874),(345,345,14879),(346,346,14884),(347,347,14889),(348,348,15011),(349,349,15015),(350,350,15092),(351,351,15097),(352,352,15102),(353,353,15107),(354,354,15238),(355,355,15334),(356,356,15338),(357,357,15440),(358,358,15445),(359,359,15450),(360,360,15455),(362,362,15465),(363,363,15665),(364,364,15670),(365,365,15675),(366,366,15680),(367,367,15685),(368,368,15693),(369,369,15866),(370,370,15873),(371,371,15878),(372,372,15883),(373,373,15888),(374,374,16020),(375,375,16027),(376,376,16031),(377,377,16235),(378,378,16240),(379,379,16245),(380,380,16250),(381,381,16255),(382,382,16261),(383,383,16395),(384,384,16496),(385,385,16501),(386,386,16505),(387,387,16510),(388,388,16515),(389,389,16520),(390,390,16565),(391,391,16710),(392,392,16848),(395,395,17054),(396,396,17059),(397,397,17064),(398,398,17069),(399,399,17074),(400,400,17079),(401,401,17084),(402,402,17088),(403,403,17092),(404,404,17096),(405,405,17225),(407,407,17233),(408,408,17237),(409,409,17402),(410,410,17406),(411,411,17416),(412,412,17421),(413,413,17426),(414,414,17431),(415,415,17436),(416,416,17441),(417,417,17445),(418,418,17649),(419,419,17701),(420,420,17706),(421,421,17711),(422,422,17716),(423,423,17721),(424,424,17725),(425,425,17917),(426,426,17921),(427,427,18117),(428,428,18122),(429,429,18127),(430,430,18132),(431,431,18137),(432,432,18234),(433,433,18390),(434,434,18503),(435,435,18569),(437,437,18581),(439,439,18591),(440,440,18596),(443,443,18617),(444,444,18622),(445,445,18764),(446,446,18955),(447,447,18959),(448,448,19013),(449,449,19018),(450,450,19023),(451,451,19028),(452,452,19033),(453,453,19154),(454,454,19207),(455,455,19212),(456,456,19217),(457,457,19222),(458,458,19227),(459,459,19233),(460,460,19237),(461,461,19503),(462,462,19508),(463,463,19573),(464,464,19577),(465,465,19639),(466,466,19644),(467,467,19649),(468,468,19654),(469,469,19659),(470,470,19664),(471,471,19867),(472,472,19936),(473,473,20017),(474,474,20024),(476,476,20032),(477,477,20040),(478,478,20045),(479,479,20050),(480,480,20055),(481,481,20060),(482,482,20139),(483,483,20143),(484,484,20147),(485,485,20288),(486,486,20339),(487,487,20344),(488,488,20349),(489,489,20354),(490,490,20359),(491,491,20364),(492,492,20369),(493,493,20588),(494,494,20630),(495,495,20637),(496,496,20641),(497,497,20646),(498,498,20651),(499,499,20656),(500,500,20661),(501,501,20666),(502,502,20671),(503,503,20675),(504,504,20925),(505,505,21011),(506,506,21016),(508,508,21026),(509,509,21031),(510,510,21036),(511,511,21041),(512,512,21046),(513,513,21173),(514,514,21236),(515,515,21241),(516,516,21246),(517,517,21251),(518,518,21261),(519,519,21429),(520,520,21448),(521,521,21557),(523,523,21662),(524,524,21726),(525,525,21731),(526,526,21736),(527,527,21741),(528,528,21746),(529,529,21751),(530,530,21756),(532,532,21764),(533,533,21916),(534,534,21920),(535,535,21924),(536,536,22143),(537,537,22148),(538,538,22153),(539,539,22158),(540,540,22163),(541,541,22292),(542,542,22338),(543,543,22342),(544,544,22347),(545,545,22352),(546,546,22357),(547,547,22362),(549,549,22372),(550,550,22377),(551,551,22552),(552,552,22556),(553,553,22773),(554,554,22778),(555,555,22821),(556,556,22921),(557,557,22926),(558,558,22931),(559,559,22938),(560,560,22943),(561,561,22948),(562,562,22953),(563,563,22958),(564,564,23150),(565,565,23160),(566,566,23164),(568,568,23198),(569,569,23203),(570,570,23208),(571,571,23213),(572,572,23218),(573,573,23223),(574,574,23228),(575,575,23233),(576,576,23488),(577,577,23587),(578,578,23658),(579,579,23665),(580,580,23729),(581,581,23734),(582,582,23739),(583,583,23744),(584,584,23749),(585,585,23754),(586,586,23759),(587,587,23764),(588,588,23769),(589,589,23815),(590,590,24011),(591,591,24016),(592,592,24021),(593,593,24026),(594,594,24030),(595,595,24035),(596,596,24040),(597,597,24045),(598,598,24239),(599,599,24243),(600,600,24247),(601,601,24251),(602,602,24295),(603,603,24462),(605,605,24472),(606,606,24476),(607,607,24481),(608,608,24486),(609,609,24491),(610,610,24496),(612,612,24535),(613,613,24711),(614,614,24716),(615,615,24721),(616,616,24942),(617,617,24994),(618,618,24999),(619,619,25004),(620,620,25009),(621,621,25014),(622,622,25019),(623,623,25024),(624,624,25029),(625,625,25034),(626,626,25248),(627,627,25252),(628,628,25327),(629,629,25332),(630,630,25337),(632,632,25347),(633,633,25352),(634,634,25357),(635,635,25454),(636,636,25458),(637,637,25761),(638,638,25766),(639,639,25771),(640,640,25776),(641,641,25781),(642,642,25906),(643,643,26001),(644,644,26006),(645,645,26011),(646,646,26016),(647,647,26021),(648,648,26026),(650,650,26036),(651,651,26041),(653,653,26239),(654,654,26243),(655,655,26250),(656,656,26254),(657,657,26433),(658,658,26472),(659,659,26477),(660,660,26482),(661,661,26487),(662,662,26492),(663,663,26503),(664,664,26508),(665,665,26513),(666,666,26650),(667,667,26654),(668,668,26658),(669,669,26723),(670,670,26728),(671,671,26733),(672,672,26738),(673,673,26743),(674,674,26748),(675,675,26753),(676,676,26935),(677,677,26939),(678,678,27048),(679,679,27052),(680,680,27056),(681,681,27157),(682,682,27162),(683,683,27167),(684,684,27172),(685,685,27177),(686,686,27181),(687,687,27189),(688,688,27194),(689,689,27415),(690,690,27420),(691,691,27425),(692,692,27430),(693,693,27435),(694,694,27440),(695,695,27445),(696,696,27591),(697,697,27595),(698,698,27699),(699,699,27790),(700,700,27926),(701,701,27981),(702,702,27986),(704,704,27996),(705,705,28001),(706,706,28006),(707,707,28011),(708,708,28238),(709,709,28311),(710,710,28316),(711,711,28321),(712,712,28326),(713,713,28331),(714,714,28336),(715,715,28341),(716,716,28346),(717,717,28350),(718,718,28611),(719,719,28616),(720,720,28621),(721,721,28630),(722,722,28635),(723,723,28640),(724,724,28645),(725,725,28650),(726,726,28896),(727,727,28987),(728,728,28995),(729,729,29000),(730,730,29005),(731,731,29010),(732,732,29015),(733,733,29020),(734,734,29025),(735,735,29030),(736,736,29035),(737,737,29039),(738,738,29087),(739,739,29343),(740,740,29348),(741,741,29353),(742,742,29358),(743,743,29363),(744,744,29368),(745,745,29373),(746,746,29378),(747,747,29607),(748,748,29612),(749,749,29617),(750,750,29674),(751,751,29678),(752,752,29900),(753,753,29905),(754,754,29910),(755,755,29915),(756,756,29920),(757,757,29925),(758,758,29930),(759,759,29935),(760,760,29940),(761,761,30105),(762,762,30175),(763,763,30180),(765,765,30189),(766,766,30193),(767,767,30198),(768,768,30203),(769,769,30208),(770,770,30213),(771,771,30218),(772,772,30378),(773,773,30506),(774,774,30511),(778,778,30692),(779,779,30696),(780,780,30700),(781,781,30757),(782,782,30886),(783,783,31070),(784,784,31086),(788,788,31210),(789,789,31281),(791,791,31347),(792,792,31484),(793,793,31705),(794,794,31758),(795,795,31785),(796,796,31811),(797,797,31822),(798,798,31859),(799,799,31863),(800,800,31897),(801,801,31902),(802,802,31908),(803,803,31926),(804,804,31936),(805,805,31961),(806,806,32016),(807,807,32059),(808,808,32081),(809,809,32120),(810,810,32124),(811,811,32227),(812,812,32289),(813,813,32293),(814,814,32297),(815,815,32301),(816,816,32352),(817,817,32357),(818,818,32362),(819,819,32445),(821,821,32454),(822,822,32458),(823,823,32462),(824,824,32548),(825,825,32553),(826,826,32558),(827,827,32563),(828,828,32758),(829,829,32819),(830,830,32826),(831,831,32830),(832,832,32834),(833,833,32839),(834,834,32844),(835,835,33023),(836,836,33101),(837,837,33152),(838,838,33300),(839,839,33329),(840,840,33333),(841,841,33436),(842,842,33455),(843,843,33460),(844,844,33465),(845,845,33470),(846,846,33580),(847,847,33585),(848,848,33591),(852,852,33729),(853,853,33733),(854,854,33819),(855,855,33824),(856,856,33829),(857,857,33834),(858,858,33839),(859,859,33843),(860,860,33943),(861,861,33948),(862,862,33953),(863,863,34148),(864,864,34212),(865,865,34217),(867,867,34373),(868,868,34420),(869,869,34511),(870,870,34564),(871,871,34569),(872,872,34574),(873,873,34579),(875,875,34718),(876,876,34795),(877,877,34877),(879,879,34962),(881,881,35000),(882,882,35032),(884,884,35057),(885,885,35067),(886,886,35130),(887,887,35236),(888,888,35241),(889,889,35246),(892,892,35261),(893,893,35400),(894,894,35442),(895,895,35504),(896,896,35608),(897,897,35711),(898,898,35715),(899,899,35870),(900,900,35875),(901,901,35880),(902,902,35885),(903,903,35890),(904,904,35895),(905,905,36056),(906,906,36087),(907,907,36098),(908,908,36103),(909,909,36108),(910,910,36113),(911,911,36118),(912,912,36123),(913,913,36186),(914,914,36205),(915,915,36307),(916,916,36312),(917,917,36317),(918,918,36325),(919,919,36330),(920,920,36335),(921,921,36528),(922,922,36597),(923,923,36602),(924,924,36607),(925,925,36747),(926,926,36754),(927,927,36768),(928,928,36772),(929,929,36792),(930,930,37046),(931,931,37350),(932,932,37354),(933,933,37358),(934,934,37459),(936,936,37477),(937,937,37548),(942,942,37631),(943,943,37654),(944,944,37676),(945,945,37687),(946,946,37696),(947,947,37706),(948,948,37710),(949,949,37730),(950,950,37752),(951,951,37814),(953,953,37824),(954,954,37829),(955,955,37834),(956,956,37839),(957,957,37850),(958,958,37894),(959,959,37940),(960,960,37945),(961,961,38021),(962,962,38025),(964,964,38034),(965,965,38039),(966,966,38044),(967,967,38065),(968,968,38144),(969,969,38162),(970,970,38166),(971,971,38171),(972,972,38176),(973,973,38220),(974,974,38247),(975,975,38297),(976,976,38302),(977,977,38312),(978,978,38319),(979,979,38341),(980,980,38346),(982,982,38356),(983,983,38361),(984,984,38365),(985,985,38406),(986,986,38453),(987,987,38514),(988,988,38519),(989,989,38524),(990,990,38529),(991,991,38534),(992,992,38565),(993,993,38583),(994,994,38633),(995,995,38669),(996,996,38693),(997,997,38698),(998,998,38703),(999,999,38708),(1000,1000,38745),(1001,1001,38773),(1002,1002,38777),(1003,1003,38837),(1004,1004,38842),(1005,1005,38885),(1006,1006,38890),(1007,1007,38899),(1008,1008,38932),(1009,1009,38999),(1010,1010,39020),(1011,1011,39025),(1012,1012,39030),(1013,1013,39035),(1014,1014,39040),(1015,1015,39045),(1016,1016,39080),(1017,1017,39107),(1018,1018,39127),(1019,1019,39166),(1020,1020,39174),(1021,1021,39179),(1022,1022,39184),(1023,1023,39194),(1024,1024,39198),(1025,1025,39205),(1026,1026,39250),(1027,1027,39257),(1028,1028,39262),(1029,1029,39267),(1030,1030,39277),(1031,1031,39312),(1032,1032,39343),(1033,1033,39347),(1034,1034,39385),(1035,1035,39418),(1036,1036,39455),(1037,1037,39459),(1038,1038,39499),(1040,1040,39534),(1041,1041,39538),(1042,1042,39557),(1043,1043,39577),(1044,1044,39605),(1045,1045,39631),(1047,1047,39640),(1048,1048,39644),(1050,1050,39654),(1051,1051,39659),(1052,1052,39664),(1055,1055,39679),(1056,1056,39684),(1057,1057,39689),(1058,1058,39791),(1059,1059,39796),(1060,1060,39801),(1061,1061,39806),(1062,1062,39811),(1063,1063,39816),(1064,1064,39821),(1065,1065,39826),(1066,1066,39830),(1067,1067,39923),(1068,1068,39988),(1069,1069,39993),(1070,1070,39998),(1072,1072,40008),(1074,1074,40052),(1075,1075,40081),(1076,1076,40086),(1077,1077,40091),(1078,1078,40096),(1079,1079,40140),(1080,1080,40192),(1081,1081,40196),(1082,1082,40243),(1083,1083,40299),(1084,1084,40304),(1085,1085,40309),(1086,1086,40314),(1087,1087,40492),(1090,1090,40520),(1091,1091,40525),(1092,1092,40530),(1093,1093,40535),(1094,1094,40649),(1095,1095,40654),(1096,1096,40734),(1097,1097,40761),(1098,1098,40826),(1099,1099,40831),(1100,1100,40836),(1101,1101,40841),(1102,1102,40846),(1103,1103,40908),(1104,1104,40913),(1105,1105,40918),(1107,1107,40954),(1108,1108,40982),(1109,1109,41005),(1110,1110,41026),(1112,1112,41036),(1113,1113,41041),(1116,1116,41105),(1117,1117,41109),(1124,1124,41220),(1126,1126,41229),(1127,1127,41234),(1128,1128,41239),(1129,1129,41244),(1130,1130,41249),(1131,1131,41365),(1132,1132,41370),(1133,1133,41375),(1134,1134,41380),(1135,1135,41385),(1136,1136,41477),(1137,1137,41482),(1138,1138,41487),(1139,1139,41492),(1140,1140,41497),(1141,1141,41593),(1142,1142,41619),(1143,1143,41623),(1144,1144,41671),(1145,1145,41675),(1146,1146,41679),(1147,1147,41683),(1148,1148,41736),(1149,1149,41796),(1150,1150,41801),(1151,1151,41806),(1152,1152,41811),(1153,1153,41815),(1154,1154,41983),(1155,1155,41988),(1156,1156,42040),(1157,1157,42045),(1158,1158,42050),(1159,1159,42055),(1160,1160,42060),(1161,1161,42064),(1162,1162,42069),(1163,1163,42073),(1164,1164,42158),(1165,1165,42213),(1166,1166,42217),(1167,1167,42248),(1168,1168,42283),(1169,1169,42288),(1170,1170,42292),(1171,1171,42297),(1172,1172,42302),(1173,1173,42307),(1174,1174,42312),(1175,1175,42317),(1176,1176,42371),(1177,1177,42402),(1178,1178,42407),(1179,1179,42412),(1180,1180,42417),(1181,1181,42422),(1182,1182,42427),(1183,1183,42432),(1184,1184,42592),(1185,1185,42635),(1186,1186,42640),(1187,1187,42645),(1188,1188,42650),(1190,1190,42660),(1191,1191,42665),(1192,1192,42669),(1197,1197,42770),(1199,1199,42778),(1205,1205,42934),(1206,1206,42940),(1207,1207,42948),(1208,1208,42953),(1209,1209,42958),(1210,1210,42962),(1211,1211,43052),(1212,1212,43172),(1213,1213,43177),(1214,1214,43182),(1215,1215,43187),(1216,1216,43192),(1219,1219,43207),(1220,1220,43212),(1221,1221,43266),(1222,1222,43286),(1223,1223,43290),(1224,1224,43297),(1225,1225,43302),(1226,1226,43379),(1227,1227,43384),(1228,1228,43407),(1229,1229,43502),(1230,1230,43506),(1231,1231,43525),(1232,1232,43530),(1233,1233,43535),(1234,1234,43540),(1235,1235,43545),(1236,1236,43550),(1237,1237,43554),(1238,1238,43670),(1239,1239,43722),(1240,1240,43727),(1243,1243,43742),(1244,1244,43747),(1245,1245,43752),(1246,1246,43757),(1247,1247,43762),(1248,1248,43775),(1249,1249,43899),(1250,1250,43960),(1251,1251,44030),(1252,1252,44035),(1253,1253,44040),(1254,1254,44045),(1255,1255,44049),(1256,1256,44141),(1257,1257,44146),(1258,1258,44217),(1259,1259,44312),(1260,1260,44317),(1261,1261,44465),(1262,1262,44494),(1263,1263,44522),(1264,1264,44527),(1265,1265,44532),(1266,1266,44537),(1267,1267,44624),(1270,1270,44682),(1271,1271,44740),(1272,1272,44748),(1273,1273,44753),(1274,1274,44758),(1275,1275,44763),(1276,1276,44768),(1277,1277,44773),(1278,1278,44781),(1279,1279,44786),(1280,1280,44793),(1283,1283,44963),(1284,1284,45002),(1285,1285,45006),(1286,1286,45011),(1287,1287,45016),(1288,1288,45021),(1290,1290,45031),(1292,1292,45041),(1293,1293,45046),(1294,1294,45051),(1295,1295,45132),(1296,1296,45196),(1297,1297,45274),(1298,1298,45282),(1299,1299,45287),(1300,1300,45292),(1301,1301,45296),(1302,1302,45304),(1303,1303,45309),(1304,1304,45490),(1305,1305,45500),(1306,1306,45505),(1307,1307,45510),(1308,1308,45515),(1309,1309,45520),(1310,1310,45525),(1311,1311,45530),(1312,1312,45535),(1313,1313,45540),(1314,1314,45545),(1315,1315,45724),(1316,1316,45808),(1317,1317,45959),(1318,1318,45967),(1319,1319,45972),(1321,1321,45982),(1322,1322,45987),(1323,1323,45992),(1324,1324,45997),(1325,1325,46046),(1326,1326,46081),(1327,1327,46085),(1328,1328,46114),(1330,1330,46122),(1331,1331,46130),(1332,1332,46135),(1333,1333,46140),(1334,1334,46145),(1335,1335,46198),(1336,1336,46232),(1337,1337,46269),(1339,1339,46285),(1340,1340,46290),(1341,1341,46295),(1342,1342,46300),(1343,1343,46305),(1344,1344,46310),(1345,1345,46315),(1346,1346,46324),(1347,1347,46443),(1348,1348,46528),(1349,1349,46580),(1351,1351,46600),(1352,1352,46686),(1353,1353,46691),(1354,1354,46696),(1355,1355,46701),(1356,1356,46706),(1357,1357,46711),(1358,1358,46716),(1359,1359,46721),(1360,1360,46726),(1361,1361,46731),(1362,1362,46797),(1363,1363,46801),(1364,1364,46916),(1366,1366,47076),(1367,1367,47138),(1369,1369,47220),(1370,1370,47289),(1371,1371,47294),(1372,1372,47299),(1373,1373,47304),(1374,1374,47309),(1375,1375,47314),(1376,1376,47319),(1377,1377,47323),(1378,1378,47504),(1379,1379,47509),(1380,1380,47514),(1381,1381,47522),(1382,1382,47527),(1383,1383,47532),(1384,1384,47537),(1385,1385,47544),(1386,1386,47549),(1387,1387,47553),(1388,1388,47708),(1389,1389,47831),(1390,1390,47835),(1391,1391,47839),(1392,1392,47843),(1393,1393,47870),(1394,1394,47981),(1395,1395,47992),(1396,1396,47997),(1397,1397,48002),(1398,1398,48007),(1399,1399,48012),(1400,1400,48017),(1401,1401,48022),(1402,1402,48027),(1403,1403,48032),(1404,1404,48038),(1405,1405,48155),(1406,1406,48259),(1407,1407,48264),(1408,1408,48269),(1409,1409,48274),(1410,1410,48279),(1411,1411,48283),(1412,1412,48423),(1413,1413,48492),(1415,1415,48551),(1416,1416,48647),(1417,1417,48656),(1418,1418,48673),(1419,1419,48678),(1420,1420,48683),(1421,1421,48688),(1422,1422,48693),(1423,1423,48698),(1424,1424,48703),(1425,1425,48708),(1426,1426,48713),(1427,1427,48718),(1428,1428,48784),(1429,1429,48922),(1430,1430,48928),(1431,1431,49016),(1432,1432,49084),(1434,1434,49094),(1435,1435,49099),(1436,1436,49104),(1437,1437,49112),(1438,1438,49117),(1439,1439,49122),(1440,1440,49126),(1441,1441,49240),(1442,1442,49245),(1443,1443,49249),(1444,1444,49413),(1445,1445,49417),(1446,1446,49624),(1447,1447,49629),(1448,1448,49634),(1449,1449,49639),(1450,1450,49644),(1451,1451,49649),(1452,1452,49654),(1453,1453,49658),(1455,1455,49799),(1456,1456,49804),(1457,1457,49809),(1458,1458,49814),(1459,1459,49819),(1461,1461,49829),(1462,1462,49834),(1463,1463,49839),(1464,1464,49913),(1465,1465,50090),(1466,1466,50337),(1468,1468,50345),(1469,1469,50462),(1470,1470,50467),(1471,1471,50575),(1472,1472,50580),(1473,1473,50825),(1474,1474,50829),(1475,1475,50908),(1476,1476,50913),(1477,1477,50918),(1478,1478,50923),(1479,1479,50928),(1480,1480,51043),(1481,1481,51070),(1482,1482,51128),(1483,1483,51133),(1484,1484,51138),(1485,1485,51143),(1486,1486,51148),(1487,1487,51393),(1488,1488,51400),(1489,1489,51405),(1491,1491,51451),(1492,1492,51506),(1493,1493,51510),(1494,1494,51515),(1495,1495,51594),(1496,1496,51599),(1497,1497,51604),(1498,1498,51609),(1499,1499,51614),(1500,1500,51619),(1501,1501,51624),(1502,1502,51629),(1503,1503,51781),(1504,1504,51857),(1505,1505,51862),(1506,1506,51867),(1507,1507,51872),(1508,1508,51877),(1509,1509,51882),(1510,1510,51887),(1511,1511,51892),(1512,1512,52057),(1513,1513,52062),(1515,1515,52176),(1516,1516,52180),(1517,1517,52257),(1518,1518,52261),(1519,1519,52332),(1520,1520,52337),(1521,1521,52345),(1522,1522,52350),(1523,1523,52368),(1524,1524,52496),(1525,1525,52668),(1526,1526,52760),(1529,1529,52775),(1530,1530,52780),(1531,1531,52784),(1532,1532,52789),(1533,1533,52794),(1534,1534,52911),(1535,1535,53019),(1536,1536,53041),(1537,1537,53095),(1538,1538,53100),(1539,1539,53108),(1540,1540,53113),(1541,1541,53206),(1542,1542,53211),(1543,1543,53216),(1544,1544,53221),(1545,1545,53226),(1546,1546,53403),(1547,1547,53413),(1548,1548,53418),(1549,1549,53423),(1550,1550,53659),(1551,1551,53664),(1552,1552,53669),(1553,1553,53674),(1554,1554,53679),(1555,1555,53684),(1556,1556,53692),(1557,1557,53806),(1558,1558,53900),(1559,1559,53905),(1560,1560,53913),(1561,1561,53918),(1563,1563,53928),(1564,1564,53933),(1565,1565,53938),(1567,1567,53952),(1568,1568,54094),(1569,1569,54144),(1570,1570,54301),(1571,1571,54306),(1572,1572,54362),(1573,1573,54442),(1574,1574,54516),(1575,1575,54570),(1576,1576,54578),(1577,1577,54715),(1578,1578,54720),(1579,1579,54724),(1580,1580,54855),(1581,1581,54870),(1584,1584,54932),(1585,1585,54937),(1586,1586,54941),(1587,1587,54946),(1588,1588,54951),(1589,1589,54956),(1590,1590,55097),(1591,1591,55147),(1592,1592,55152),(1593,1593,55157),(1594,1594,55165),(1595,1595,55179),(1596,1596,55184),(1597,1597,55241),(1598,1598,55245),(1599,1599,55309),(1600,1600,55313),(1601,1601,55318),(1602,1602,55323),(1603,1603,55444),(1604,1604,55448),(1605,1605,55511),(1606,1606,55516),(1607,1607,55521),(1608,1608,55526),(1609,1609,55531),(1610,1610,55603),(1611,1611,55703),(1612,1612,55707),(1613,1613,55714),(1614,1614,55780),(1615,1615,55784),(1616,1616,55904),(1617,1617,55917),(1618,1618,55958),(1619,1619,55969),(1620,1620,55973),(1621,1621,56126),(1622,1622,56147),(1623,1623,56197),(1624,1624,56202),(1625,1625,56312),(1626,1626,56409),(1627,1627,56413),(1628,1628,56705),(1629,1629,56712),(1631,1631,56720),(1632,1632,56724),(1633,1633,56731),(1634,1634,56736),(1635,1635,56796),(1636,1636,56828),(1637,1637,56833),(1638,1638,56838),(1639,1639,56845),(1641,1641,56855),(1642,1642,56929),(1643,1643,56970),(1644,1644,56978),(1645,1645,56983),(1646,1646,57045),(1647,1647,57049),(1648,1648,57123),(1649,1649,57127),(1650,1650,57142),(1652,1652,57163),(1653,1653,57202),(1654,1654,57207),(1655,1655,57236),(1657,1657,57304),(1658,1658,57332),(1659,1659,57358),(1660,1660,57404),(1661,1661,57457),(1662,1662,57461),(1663,1663,57497),(1665,1665,57505),(1666,1666,57568),(1667,1667,57572),(1668,1668,57576),(1669,1669,57657),(1670,1670,57688),(1671,1671,57696),(1672,1672,57701),(1673,1673,57706),(1674,1674,57711),(1675,1675,57755),(1676,1676,57807),(1677,1677,57811),(1678,1678,57862),(1679,1679,57939),(1680,1680,57957),(1681,1681,58015),(1682,1682,58065),(1683,1683,58072),(1684,1684,58124),(1686,1686,58144),(1687,1687,58151),(1688,1688,58194),(1689,1689,58201),(1690,1690,58321),(1692,1692,58332),(1693,1693,58339),(1694,1694,58343),(1695,1695,58354),(1696,1696,58396),(1697,1697,58406),(1698,1698,58436),(1699,1699,58441),(1700,1700,58460),(1701,1701,58475),(1702,1702,58480),(1703,1703,58485),(1704,1704,58489),(1705,1705,58538),(1706,1706,58543),(1707,1707,58548),(1708,1708,58552),(1709,1709,58636),(1710,1710,58664),(1711,1711,58674),(1712,1712,58679),(1713,1713,58686),(1714,1714,58690),(1715,1715,58697),(1716,1716,58723),(1717,1717,58747),(1718,1718,58765),(1719,1719,58775),(1720,1720,58785),(1721,1721,58794),(1722,1722,58804),(1723,1723,58811),(1724,1724,58821),(1725,1725,58828),(1726,1726,58832),(1727,1727,58839),(1728,1728,58844),(1729,1729,58849),(1730,1730,58854),(1731,1731,58961),(1732,1732,58965),(1733,1733,58972),(1734,1734,58994),(1735,1735,59004),(1736,1736,59011),(1737,1737,59059),(1738,1738,59067),(1739,1739,59072),(1740,1740,59077),(1741,1741,59082),(1742,1742,59087),(1743,1743,59092),(1744,1744,59097),(1745,1745,59102),(1746,1746,59109),(1747,1747,59114),(1748,1748,59119),(1749,1749,59248),(1750,1750,59288),(1751,1751,59314),(1752,1752,59319),(1753,1753,59324),(1754,1754,59329),(1756,1756,59412),(1757,1757,59416),(1758,1758,59429),(1759,1759,59470),(1760,1760,59477),(1761,1761,59579),(1762,1762,59603),(1763,1763,59614),(1764,1764,59619),(1765,1765,59624),(1766,1766,59629),(1767,1767,59634),(1768,1768,59693),(1769,1769,59713),(1770,1770,59770),(1772,1772,59778),(1773,1773,59785),(1774,1774,59794),(1775,1775,59857),(1776,1776,59865),(1777,1777,59870),(1778,1778,59875),(1779,1779,59910),(1780,1780,59914),(1781,1781,59942),(1782,1782,60098),(1783,1783,60161),(1784,1784,60201),(1785,1785,60209),(1786,1786,60257),(1787,1787,60319),(1788,1788,60323),(1789,1789,60327),(1790,1790,60337),(1791,1791,60342),(1792,1792,60414),(1793,1793,60442),(1794,1794,60481),(1795,1795,60520),(1796,1796,60550),(1797,1797,60557),(1798,1798,60561),(1799,1799,60577),(1800,1800,60630),(1801,1801,60650),(1802,1802,60665),(1803,1803,60692),(1804,1804,60712),(1805,1805,60717),(1806,1806,60721),(1807,1807,60738),(1808,1808,60743),(1809,1809,60748),(1810,1810,60752),(1811,1811,60760),(1812,1812,60799),(1813,1813,60823),(1814,1814,60831),(1815,1815,60836),(1816,1816,60891),(1817,1817,60895),(1818,1818,60908),(1819,1819,60960),(1820,1820,60965),(1821,1821,60970),(1822,1822,60975),(1823,1823,60980),(1824,1824,61051),(1825,1825,61058),(1826,1826,61065),(1827,1827,61094),(1828,1828,61098),(1830,1830,61121),(1831,1831,61129),(1833,1833,61188),(1834,1834,61211),(1835,1835,61235),(1836,1836,61240),(1837,1837,61282),(1838,1838,61287),(1840,1840,61296),(1841,1841,61304),(1842,1842,61356),(1843,1843,61402),(1845,1845,61454),(1846,1846,61461),(1847,1847,61465),(1849,1849,61473),(1850,1850,61489),(1851,1851,61494),(1852,1852,61501),(1853,1853,61506),(1854,1854,61511),(1855,1855,61516),(1856,1856,61579),(1857,1857,61647),(1858,1858,61652),(1859,1859,61657),(1860,1860,61661),(1861,1861,61699),(1862,1862,61703),(1863,1863,61745),(1864,1864,61818),(1865,1865,61860),(1866,1866,61865),(1867,1867,61965),(1868,1868,61969),(1869,1869,61973),(1870,1870,62052),(1871,1871,62065),(1872,1872,62069),(1874,1874,62107),(1875,1875,62111),(1876,1876,62115),(1878,1878,62132),(1879,1879,62139),(1880,1880,62160),(1881,1881,62164),(1882,1882,62169),(1883,1883,62211),(1884,1884,62215),(1885,1885,62265),(1886,1886,62317),(1887,1887,62330),(1888,1888,62410),(1889,1889,62468),(1890,1890,62473),(1891,1891,62478),(1892,1892,62491),(1893,1893,62531),(1894,1894,62536),(1895,1895,62605),(1896,1896,62610),(1897,1897,62615),(1898,1898,62715),(1899,1899,62719),(1900,1900,62767),(1901,1901,62772),(1902,1902,62777),(1903,1903,62819),(1904,1904,62826),(1906,1906,62871),(1907,1907,62947),(1908,1908,62952),(1909,1909,62977),(1910,1910,63030),(1911,1911,63034),(1912,1912,63038),(1914,1914,63053),(1915,1915,63097),(1916,1916,63105),(1917,1917,63173),(1919,1919,63187),(1920,1920,63191),(1921,1921,63198),(1922,1922,63202),(1923,1923,63209),(1924,1924,63213),(1925,1925,63220),(1926,1926,63224),(1929,1929,63262),(1930,1930,63271),(1931,1931,63276),(1932,1932,63281),(1933,1933,63324),(1935,1935,63359),(1936,1936,63389),(1937,1937,63402),(1938,1938,63409),(1939,1939,63435),(1943,1943,63491),(1945,1945,63587),(1946,1946,63594),(1947,1947,63607),(1948,1948,63680),(1949,1949,63695),(1950,1950,63699),(1951,1951,63703),(1952,1952,63707),(1953,1953,63717),(1954,1954,63731),(1956,1956,63832),(1957,1957,63869),(1958,1958,63876),(1959,1959,63893),(1960,1960,63905),(1961,1961,63915),(1962,1962,64028),(1963,1963,64159),(1964,1964,64181),(1965,1965,64205),(1966,1966,64226),(1967,1967,64244),(1968,1968,64248),(1970,1970,64256),(1971,1971,64270),(1972,1972,64291),(1973,1973,64296),(1974,1974,64301),(1976,1976,64315),(1977,1977,64367),(1978,1978,64431),(1979,1979,64462),(1983,1983,64565),(1984,1984,64579),(1985,1985,64643),(1986,1986,64647),(1987,1987,64671),(1988,1988,64676),(1989,1989,64681),(1990,1990,64685),(1991,1991,64699),(1992,1992,64708),(1993,1993,64712),(1994,1994,64716),(1995,1995,64720),(1996,1996,64747),(1997,1997,64752),(1998,1998,64757),(1999,1999,64762),(2000,2000,64781),(2001,2001,64800),(2002,2002,64804),(2003,2003,64808),(2004,2004,64827),(2005,2005,64848),(2006,2006,64852),(2007,2007,64874),(2009,2009,64899),(2010,2010,64907),(2011,2011,64915),(2012,2012,64920),(2013,2013,64925),(2014,2014,64930),(2015,2015,64935),(2016,2016,64979),(2017,2017,65045),(2018,2018,65050),(2019,2019,65055),(2020,2020,65060),(2021,2021,65065),(2022,2022,65097),(2023,2023,65194),(2024,2024,65202),(2025,2025,65207),(2026,2026,65212),(2028,2028,65254),(2029,2029,65259),(2030,2030,65333),(2031,2031,65337),(2032,2032,65398),(2033,2033,65403),(2034,2034,65416),(2036,2036,65460),(2037,2037,65466),(2038,2038,65492),(2039,2039,65511),(2040,2040,65610),(2041,2041,65615),(2042,2042,65636),(2043,2043,65668),(2044,2044,65717),(2045,2045,65743),(2046,2046,65782),(2047,2047,65849),(2048,2048,65859),(2049,2049,65866),(2050,2050,65903),(2051,2051,65916),(2052,2052,65924),(2053,2053,65939),(2054,2054,66032),(2055,2055,66039),(2056,2056,66047),(2057,2057,66087),(2058,2058,66095),(2059,2059,66168),(2060,2060,66172),(2061,2061,66188),(2062,2062,66260),(2063,2063,66267),(2064,2064,66271),(2065,2065,66275),(2066,2066,66279),(2067,2067,66307),(2068,2068,66329),(2069,2069,66343),(2071,2071,66354),(2072,2072,66448),(2073,2073,66452),(2074,2074,66485),(2075,2075,66492),(2076,2076,66529),(2077,2077,66581),(2078,2078,66588),(2080,2080,66598),(2081,2081,66605),(2082,2082,66610),(2083,2083,66633),(2084,2084,66640),(2085,2085,66681);
/*!40000 ALTER TABLE `acc_indepp` ENABLE KEYS */;
UNLOCK TABLES;

--
-- Table structure for table `acc_order`
--

DROP TABLE IF EXISTS `acc_order`;
/*!40101 SET @saved_cs_client     = @@character_set_client */;
/*!40101 SET character_set_client = utf8 */;
CREATE TABLE `acc_order` (
  `id` int unsigned NOT NULL AUTO_INCREMENT,
  `id_order` int unsigned NOT NULL,
  `id_acc` int unsigned NOT NULL,
  PRIMARY KEY (`id`),
  KEY `FK_acc_indepp_indepp` (`id_order`),
  KEY `FK_acc_indepp_acc` (`id_acc`),
  CONSTRAINT `acc_order_ibfk_1` FOREIGN KEY (`id_acc`) REFERENCES `acc` (`id`),
  CONSTRAINT `acc_order_ibfk_2` FOREIGN KEY (`id_order`) REFERENCES `ordered` (`id`)
) ENGINE=InnoDB DEFAULT CHARSET=utf8 COLLATE=utf8_bin ROW_FORMAT=COMPACT;
/*!40101 SET character_set_client = @saved_cs_client */;

--
-- Dumping data for table `acc_order`
--

LOCK TABLES `acc_order` WRITE;
/*!40000 ALTER TABLE `acc_order` DISABLE KEYS */;
/*!40000 ALTER TABLE `acc_order` ENABLE KEYS */;
UNLOCK TABLES;

--
-- Table structure for table `acc_outdepp`
--

DROP TABLE IF EXISTS `acc_outdepp`;
/*!40101 SET @saved_cs_client     = @@character_set_client */;
/*!40101 SET character_set_client = utf8 */;
CREATE TABLE `acc_outdepp` (
  `id` int unsigned NOT NULL AUTO_INCREMENT,
  `id_outdepp` int unsigned NOT NULL,
  `id_acc` int unsigned NOT NULL,
  PRIMARY KEY (`id`),
  KEY `FK_acc_indepp_indepp` (`id_outdepp`),
  KEY `FK_acc_indepp_acc` (`id_acc`),
  CONSTRAINT `FK_acc_outdepp_acc` FOREIGN KEY (`id_acc`) REFERENCES `acc` (`id`),
  CONSTRAINT `FK_acc_outdepp_outdepp` FOREIGN KEY (`id_outdepp`) REFERENCES `outdepp` (`id`)
) ENGINE=InnoDB DEFAULT CHARSET=utf8 COLLATE=utf8_bin;
/*!40101 SET character_set_client = @saved_cs_client */;

--
-- Dumping data for table `acc_outdepp`
--

LOCK TABLES `acc_outdepp` WRITE;
/*!40000 ALTER TABLE `acc_outdepp` DISABLE KEYS */;
/*!40000 ALTER TABLE `acc_outdepp` ENABLE KEYS */;
UNLOCK TABLES;

--
-- Table structure for table `account`
--

DROP TABLE IF EXISTS `account`;
/*!40101 SET @saved_cs_client     = @@character_set_client */;
/*!40101 SET character_set_client = utf8 */;
CREATE TABLE `account` (
  `id` int unsigned NOT NULL AUTO_INCREMENT,
  `id_range` int unsigned NOT NULL DEFAULT '0',
  `name` varchar(200) CHARACTER SET utf8 COLLATE utf8_bin NOT NULL,
  `type` enum('company','customer','partner','expense','store','cash','drawing','equipment','noAccount') CHARACTER SET utf8 COLLATE utf8_bin NOT NULL,
  `serial` varchar(200) CHARACTER SET utf8 COLLATE utf8_bin DEFAULT NULL,
  `mobile` varchar(50) CHARACTER SET utf8 COLLATE utf8_bin DEFAULT NULL,
  `phone` varchar(50) CHARACTER SET utf8 COLLATE utf8_bin DEFAULT NULL,
  `email` varchar(50) CHARACTER SET utf8 COLLATE utf8_bin DEFAULT NULL,
  `address` varchar(200) CHARACTER SET utf8 COLLATE utf8_bin DEFAULT NULL,
  `detail` varchar(200) CHARACTER SET utf8 COLLATE utf8_bin DEFAULT NULL,
  `date_register` timestamp NOT NULL DEFAULT CURRENT_TIMESTAMP,
  PRIMARY KEY (`id`)
) ENGINE=InnoDB AUTO_INCREMENT=126622 DEFAULT CHARSET=utf8 COLLATE=utf8_bin;
/*!40101 SET character_set_client = @saved_cs_client */;

--
-- Dumping data for table `account`
--

LOCK TABLES `account` WRITE;
/*!40000 ALTER TABLE `account` DISABLE KEYS */;
INSERT INTO `account` VALUES (0,0,'noAccount','noAccount',NULL,'',NULL,NULL,NULL,NULL,'2016-06-25 18:16:48'),(3,0,'رصيد','drawing','','','','','','','2016-06-25 18:16:48'),(5,0,'toll','expense',NULL,NULL,NULL,NULL,NULL,NULL,'2016-07-23 23:33:15'),(10,0,'صندوق','cash','10','','','','','','2016-06-25 18:16:48'),(11,0,'مخزن','store','11','','','','','','2016-06-25 18:16:48');
/*!40000 ALTER TABLE `account` ENABLE KEYS */;
UNLOCK TABLES;

--
-- Table structure for table `branch`
--

DROP TABLE IF EXISTS `branch`;
/*!40101 SET @saved_cs_client     = @@character_set_client */;
/*!40101 SET character_set_client = utf8 */;
CREATE TABLE `branch` (
  `id` int unsigned NOT NULL AUTO_INCREMENT,
  `id_city` int unsigned NOT NULL,
  `name` varchar(50) CHARACTER SET utf8 COLLATE utf8_bin NOT NULL,
  `detail` varchar(50) CHARACTER SET utf8 COLLATE utf8_bin DEFAULT NULL,
  PRIMARY KEY (`id`),
  KEY `FK_branch_city` (`id_city`),
  CONSTRAINT `FK_branch_city` FOREIGN KEY (`id_city`) REFERENCES `city` (`id`)
) ENGINE=InnoDB AUTO_INCREMENT=2 DEFAULT CHARSET=utf8 COLLATE=utf8_bin;
/*!40101 SET character_set_client = @saved_cs_client */;

--
-- Dumping data for table `branch`
--

LOCK TABLES `branch` WRITE;
/*!40000 ALTER TABLE `branch` DISABLE KEYS */;
INSERT INTO `branch` VALUES (1,1,'Orginal','');
/*!40000 ALTER TABLE `branch` ENABLE KEYS */;
UNLOCK TABLES;

--
-- Table structure for table `brand`
--

DROP TABLE IF EXISTS `brand`;
/*!40101 SET @saved_cs_client     = @@character_set_client */;
/*!40101 SET character_set_client = utf8 */;
CREATE TABLE `brand` (
  `id` int unsigned NOT NULL AUTO_INCREMENT,
  `id_cat` int unsigned NOT NULL,
  `name` varchar(50) CHARACTER SET utf8 COLLATE utf8_bin NOT NULL,
  `detail` varchar(200) CHARACTER SET utf8 COLLATE utf8_bin DEFAULT NULL,
  PRIMARY KEY (`id`),
  UNIQUE KEY `id_cat_name` (`id_cat`,`name`),
  CONSTRAINT `FK_brand_cat` FOREIGN KEY (`id_cat`) REFERENCES `cat` (`id`)
) ENGINE=InnoDB AUTO_INCREMENT=10 DEFAULT CHARSET=utf8 COLLATE=utf8_bin;
/*!40101 SET character_set_client = @saved_cs_client */;

--
-- Dumping data for table `brand`
--

LOCK TABLES `brand` WRITE;
/*!40000 ALTER TABLE `brand` DISABLE KEYS */;
INSERT INTO `brand` VALUES (1,1,'samsung',NULL),(2,1,'Huawei',''),(4,1,'Apple','0'),(5,1,'MI',''),(6,1,'SONY',NULL),(7,2,'Nokia',NULL),(8,1,'LG',''),(9,1,'Xiaomi',NULL);
/*!40000 ALTER TABLE `brand` ENABLE KEYS */;
UNLOCK TABLES;

--
-- Table structure for table `cat`
--

DROP TABLE IF EXISTS `cat`;
/*!40101 SET @saved_cs_client     = @@character_set_client */;
/*!40101 SET character_set_client = utf8 */;
CREATE TABLE `cat` (
  `id` int unsigned NOT NULL AUTO_INCREMENT,
  `name` varchar(50) CHARACTER SET utf8 COLLATE utf8_bin NOT NULL,
  `detail` varchar(200) CHARACTER SET utf8 COLLATE utf8_bin DEFAULT NULL,
  PRIMARY KEY (`id`),
  UNIQUE KEY `name` (`name`)
) ENGINE=InnoDB AUTO_INCREMENT=5 DEFAULT CHARSET=utf8 COLLATE=utf8_bin;
/*!40101 SET character_set_client = @saved_cs_client */;

--
-- Dumping data for table `cat`
--

LOCK TABLES `cat` WRITE;
/*!40000 ALTER TABLE `cat` DISABLE KEYS */;
INSERT INTO `cat` VALUES (1,'Mobile kamera','موبايل كاميرا'),(2,'mobile no kamera','موبايل بي كاميرة'),(3,'Tablet',NULL),(4,'TAB','تابليت');
/*!40000 ALTER TABLE `cat` ENABLE KEYS */;
UNLOCK TABLES;

--
-- Table structure for table `city`
--

DROP TABLE IF EXISTS `city`;
/*!40101 SET @saved_cs_client     = @@character_set_client */;
/*!40101 SET character_set_client = utf8 */;
CREATE TABLE `city` (
  `id` int unsigned NOT NULL AUTO_INCREMENT,
  `name` varchar(50) CHARACTER SET utf8 COLLATE utf8_bin NOT NULL,
  `detail` varchar(50) CHARACTER SET utf8 COLLATE utf8_bin DEFAULT NULL,
  PRIMARY KEY (`id`)
) ENGINE=InnoDB AUTO_INCREMENT=18 DEFAULT CHARSET=utf8 COLLATE=utf8_bin;
/*!40101 SET character_set_client = @saved_cs_client */;

--
-- Dumping data for table `city`
--

LOCK TABLES `city` WRITE;
/*!40000 ALTER TABLE `city` DISABLE KEYS */;
INSERT INTO `city` VALUES (1,'سلێمانی','یەکەم'),(3,'هەولێر',NULL);
/*!40000 ALTER TABLE `city` ENABLE KEYS */;
UNLOCK TABLES;

--
-- Table structure for table `depp`
--

DROP TABLE IF EXISTS `depp`;
/*!40101 SET @saved_cs_client     = @@character_set_client */;
/*!40101 SET character_set_client = utf8 */;
CREATE TABLE `depp` (
  `id` int unsigned NOT NULL AUTO_INCREMENT,
  `id_branch` int unsigned NOT NULL,
  `id_cash` int unsigned NOT NULL,
  `id_store` int unsigned NOT NULL,
  `type` enum('piece','repair_mobile','repair_computer','mobile','camera','software','laptop','accessories') CHARACTER SET utf8 COLLATE utf8_bin NOT NULL,
  `code` varchar(5) CHARACTER SET utf8 COLLATE utf8_bin NOT NULL,
  `name` varchar(50) CHARACTER SET utf8 COLLATE utf8_bin NOT NULL,
  `address` varchar(200) CHARACTER SET utf8 COLLATE utf8_bin DEFAULT NULL,
  `phone` varchar(200) CHARACTER SET utf8 COLLATE utf8_bin DEFAULT NULL,
  `detail` varchar(50) CHARACTER SET utf8 COLLATE utf8_bin DEFAULT NULL,
  PRIMARY KEY (`id`),
  UNIQUE KEY `code` (`code`),
  KEY `FK_depp_branch` (`id_branch`),
  KEY `FK_depp_account` (`id_cash`)
) ENGINE=InnoDB AUTO_INCREMENT=7 DEFAULT CHARSET=utf8 COLLATE=utf8_bin;
/*!40101 SET character_set_client = @saved_cs_client */;

--
-- Dumping data for table `depp`
--

LOCK TABLES `depp` WRITE;
/*!40000 ALTER TABLE `depp` DISABLE KEYS */;
INSERT INTO `depp` VALUES (6,1,10,11,'mobile','107','فرۆشی مۆبایل','','','');
/*!40000 ALTER TABLE `depp` ENABLE KEYS */;
UNLOCK TABLES;

--
-- Table structure for table `depp_cat`
--

DROP TABLE IF EXISTS `depp_cat`;
/*!40101 SET @saved_cs_client     = @@character_set_client */;
/*!40101 SET character_set_client = utf8 */;
CREATE TABLE `depp_cat` (
  `id` int unsigned NOT NULL AUTO_INCREMENT,
  `id_depp` int unsigned NOT NULL,
  `id_cat` int unsigned NOT NULL,
  PRIMARY KEY (`id`),
  KEY `FK__depp` (`id_depp`),
  KEY `FK_depp_cat_cat` (`id_cat`)
) ENGINE=InnoDB AUTO_INCREMENT=8 DEFAULT CHARSET=utf8 COLLATE=utf8_bin;
/*!40101 SET character_set_client = @saved_cs_client */;

--
-- Dumping data for table `depp_cat`
--

LOCK TABLES `depp_cat` WRITE;
/*!40000 ALTER TABLE `depp_cat` DISABLE KEYS */;
INSERT INTO `depp_cat` VALUES (4,6,2),(7,6,1);
/*!40000 ALTER TABLE `depp_cat` ENABLE KEYS */;
UNLOCK TABLES;

--
-- Table structure for table `dollar_rate`
--

DROP TABLE IF EXISTS `dollar_rate`;
/*!40101 SET @saved_cs_client     = @@character_set_client */;
/*!40101 SET character_set_client = utf8 */;
CREATE TABLE `dollar_rate` (
  `id` int unsigned NOT NULL AUTO_INCREMENT,
  `id_city` int unsigned NOT NULL,
  `rate` float NOT NULL,
  `date` timestamp NOT NULL DEFAULT CURRENT_TIMESTAMP,
  PRIMARY KEY (`id`),
  KEY `FK__city` (`id_city`)
) ENGINE=InnoDB AUTO_INCREMENT=11 DEFAULT CHARSET=utf8 COLLATE=utf8_bin;
/*!40101 SET character_set_client = @saved_cs_client */;

--
-- Dumping data for table `dollar_rate`
--

LOCK TABLES `dollar_rate` WRITE;
/*!40000 ALTER TABLE `dollar_rate` DISABLE KEYS */;
INSERT INTO `dollar_rate` VALUES (8,1,1267,'2016-06-29 04:22:47'),(9,1,1267,'2016-07-02 06:53:04'),(10,1,3.67,'2016-07-16 10:14:21');
/*!40000 ALTER TABLE `dollar_rate` ENABLE KEYS */;
UNLOCK TABLES;

--
-- Table structure for table `indepp`
--

DROP TABLE IF EXISTS `indepp`;
/*!40101 SET @saved_cs_client     = @@character_set_client */;
/*!40101 SET character_set_client = utf8 */;
CREATE TABLE `indepp` (
  `id` int unsigned NOT NULL AUTO_INCREMENT,
  `id_user` int unsigned NOT NULL,
  `id_depp` int unsigned NOT NULL,
  `id_account` int unsigned NOT NULL,
  `invoice` varchar(50) CHARACTER SET utf8 COLLATE utf8_bin DEFAULT NULL,
  `date` timestamp NOT NULL DEFAULT CURRENT_TIMESTAMP,
  `total` decimal(20,2) NOT NULL,
  `discount` float NOT NULL,
  `dollar_rate` float NOT NULL,
  `type` enum('active','just_show','cancel','freeze') CHARACTER SET utf8 COLLATE utf8_bin NOT NULL,
  `status` enum('progress','done') CHARACTER SET utf8 COLLATE utf8_bin NOT NULL DEFAULT 'progress',
  `detail` varchar(200) CHARACTER SET utf8 COLLATE utf8_bin DEFAULT NULL,
  `total_toll` decimal(20,2) DEFAULT NULL,
  `id_toll` int DEFAULT NULL,
  PRIMARY KEY (`id`),
  KEY `FK_indepp_user` (`id_user`),
  KEY `FK_indepp_depp` (`id_depp`),
  KEY `FK_indepp_account` (`id_account`)
) ENGINE=InnoDB DEFAULT CHARSET=utf8 COLLATE=utf8_bin COMMENT='for insert product to database, buy invoice';
/*!40101 SET character_set_client = @saved_cs_client */;

--
-- Dumping data for table `indepp`
--

LOCK TABLES `indepp` WRITE;
/*!40000 ALTER TABLE `indepp` DISABLE KEYS */;
/*!40000 ALTER TABLE `indepp` ENABLE KEYS */;
UNLOCK TABLES;

--
-- Table structure for table `indepp_extra`
--

DROP TABLE IF EXISTS `indepp_extra`;
/*!40101 SET @saved_cs_client     = @@character_set_client */;
/*!40101 SET character_set_client = utf8 */;
CREATE TABLE `indepp_extra` (
  `id` int unsigned NOT NULL AUTO_INCREMENT,
  `id_indepp` int unsigned NOT NULL,
  `id_product` int unsigned NOT NULL,
  `qty` int unsigned NOT NULL,
  `cost` decimal(20,2) NOT NULL,
  `toll` decimal(10,2) DEFAULT NULL,
  `detail` varchar(200) CHARACTER SET utf8 COLLATE utf8_bin DEFAULT NULL,
  PRIMARY KEY (`id`),
  KEY `FK_indepp_extra_indepp` (`id_indepp`)
) ENGINE=InnoDB DEFAULT CHARSET=utf8 COLLATE=utf8_bin COMMENT='id_indepp,id_product,qty,cost,detail';
/*!40101 SET character_set_client = @saved_cs_client */;

--
-- Dumping data for table `indepp_extra`
--

LOCK TABLES `indepp_extra` WRITE;
/*!40000 ALTER TABLE `indepp_extra` DISABLE KEYS */;
/*!40000 ALTER TABLE `indepp_extra` ENABLE KEYS */;
UNLOCK TABLES;

--
-- Table structure for table `jard_log`
--

DROP TABLE IF EXISTS `jard_log`;
/*!40101 SET @saved_cs_client     = @@character_set_client */;
/*!40101 SET character_set_client = utf8 */;
CREATE TABLE `jard_log` (
  `id` int unsigned NOT NULL AUTO_INCREMENT,
  `date` date NOT NULL,
  `total` decimal(10,2) unsigned DEFAULT NULL,
  `total_qty` int DEFAULT NULL,
  PRIMARY KEY (`id`),
  UNIQUE KEY `date` (`date`)
) ENGINE=InnoDB AUTO_INCREMENT=2 DEFAULT CHARSET=utf8 COLLATE=utf8_bin;
/*!40101 SET character_set_client = @saved_cs_client */;

--
-- Dumping data for table `jard_log`
--

LOCK TABLES `jard_log` WRITE;
/*!40000 ALTER TABLE `jard_log` DISABLE KEYS */;
INSERT INTO `jard_log` VALUES (1,'2020-07-17',NULL,NULL);
/*!40000 ALTER TABLE `jard_log` ENABLE KEYS */;
UNLOCK TABLES;

--
-- Table structure for table `jard_log_detail`
--

DROP TABLE IF EXISTS `jard_log_detail`;
/*!40101 SET @saved_cs_client     = @@character_set_client */;
/*!40101 SET character_set_client = utf8 */;
CREATE TABLE `jard_log_detail` (
  `id` int unsigned NOT NULL AUTO_INCREMENT,
  `id_jard_log` int unsigned NOT NULL,
  `id_store` int unsigned DEFAULT NULL,
  `depp` varchar(200) CHARACTER SET utf8 COLLATE utf8_bin DEFAULT NULL,
  `cat` varchar(200) CHARACTER SET utf8 COLLATE utf8_bin DEFAULT NULL,
  `brand` varchar(200) CHARACTER SET utf8 COLLATE utf8_bin DEFAULT NULL,
  `product` varchar(200) CHARACTER SET utf8 COLLATE utf8_bin DEFAULT NULL,
  `qty` int DEFAULT NULL,
  `price_buy` decimal(10,2) DEFAULT NULL,
  `total` decimal(11,2) DEFAULT NULL,
  PRIMARY KEY (`id`),
  KEY `FK_jard_log_detail_jard_log` (`id_jard_log`),
  CONSTRAINT `FK_jard_log_detail_jard_log` FOREIGN KEY (`id_jard_log`) REFERENCES `jard_log` (`id`)
) ENGINE=InnoDB DEFAULT CHARSET=utf8 COLLATE=utf8_bin;
/*!40101 SET character_set_client = @saved_cs_client */;

--
-- Dumping data for table `jard_log_detail`
--

LOCK TABLES `jard_log_detail` WRITE;
/*!40000 ALTER TABLE `jard_log_detail` DISABLE KEYS */;
/*!40000 ALTER TABLE `jard_log_detail` ENABLE KEYS */;
UNLOCK TABLES;

--
-- Table structure for table `model`
--

DROP TABLE IF EXISTS `model`;
/*!40101 SET @saved_cs_client     = @@character_set_client */;
/*!40101 SET character_set_client = utf8 */;
CREATE TABLE `model` (
  `id` int unsigned NOT NULL AUTO_INCREMENT,
  `id_brand` int unsigned NOT NULL,
  `name` varchar(200) CHARACTER SET utf8 COLLATE utf8_bin NOT NULL,
  `detail` varchar(200) CHARACTER SET utf8 COLLATE utf8_bin DEFAULT NULL,
  PRIMARY KEY (`id`),
  UNIQUE KEY `id_brand_name` (`id_brand`,`name`)
) ENGINE=InnoDB DEFAULT CHARSET=utf8 COLLATE=utf8_bin;
/*!40101 SET character_set_client = @saved_cs_client */;

--
-- Dumping data for table `model`
--

LOCK TABLES `model` WRITE;
/*!40000 ALTER TABLE `model` DISABLE KEYS */;
/*!40000 ALTER TABLE `model` ENABLE KEYS */;
UNLOCK TABLES;

--
-- Table structure for table `order_extra`
--

DROP TABLE IF EXISTS `order_extra`;
/*!40101 SET @saved_cs_client     = @@character_set_client */;
/*!40101 SET character_set_client = utf8 */;
CREATE TABLE `order_extra` (
  `id` int unsigned NOT NULL AUTO_INCREMENT,
  `id_order` int unsigned NOT NULL,
  `id_model` int unsigned NOT NULL,
  `id_repairman` int unsigned DEFAULT NULL,
  `iemi` varchar(200) CHARACTER SET utf8 COLLATE utf8_bin DEFAULT NULL,
  `cost` decimal(20,2) NOT NULL,
  `detail` varchar(200) CHARACTER SET utf8 COLLATE utf8_bin DEFAULT NULL,
  PRIMARY KEY (`id`),
  KEY `FK_indepp_extra_indepp` (`id_order`),
  KEY `FK_outdepp_extra_product` (`id_model`),
  KEY `FK_order_extra_repairman` (`id_repairman`)
) ENGINE=InnoDB DEFAULT CHARSET=utf8 COLLATE=utf8_bin ROW_FORMAT=COMPACT COMMENT='id,id_order,id_model,id_repairman,iemi,cost,detail\r\n';
/*!40101 SET character_set_client = @saved_cs_client */;

--
-- Dumping data for table `order_extra`
--

LOCK TABLES `order_extra` WRITE;
/*!40000 ALTER TABLE `order_extra` DISABLE KEYS */;
/*!40000 ALTER TABLE `order_extra` ENABLE KEYS */;
UNLOCK TABLES;

--
-- Table structure for table `ordered`
--

DROP TABLE IF EXISTS `ordered`;
/*!40101 SET @saved_cs_client     = @@character_set_client */;
/*!40101 SET character_set_client = utf8 */;
CREATE TABLE `ordered` (
  `id` int unsigned NOT NULL AUTO_INCREMENT,
  `id_user` int unsigned NOT NULL,
  `id_depp` int unsigned NOT NULL,
  `id_account` int unsigned NOT NULL,
  `invoice` varchar(50) CHARACTER SET utf8 COLLATE utf8_bin NOT NULL,
  `date` timestamp NOT NULL DEFAULT CURRENT_TIMESTAMP,
  `date_back` timestamp NULL DEFAULT NULL,
  `total` decimal(20,2) DEFAULT NULL,
  `discount` float NOT NULL DEFAULT '0',
  `dollar_rate` float NOT NULL,
  `type` enum('active','just_show','cancel') CHARACTER SET utf8 COLLATE utf8_bin NOT NULL,
  `status` enum('progress','done') CHARACTER SET utf8 COLLATE utf8_bin NOT NULL,
  `detail` varchar(200) CHARACTER SET utf8 COLLATE utf8_bin DEFAULT NULL,
  PRIMARY KEY (`id`),
  KEY `FK_order_depp` (`id_depp`),
  KEY `FK_order_account` (`id_account`),
  KEY `FK_order_user` (`id_user`)
) ENGINE=InnoDB DEFAULT CHARSET=utf8 COLLATE=utf8_bin COMMENT='id,id_user,id_depp,id_account,invoice,date,date_back,total,discount,dollar_rate,type,status,detail,';
/*!40101 SET character_set_client = @saved_cs_client */;

--
-- Dumping data for table `ordered`
--

LOCK TABLES `ordered` WRITE;
/*!40000 ALTER TABLE `ordered` DISABLE KEYS */;
/*!40000 ALTER TABLE `ordered` ENABLE KEYS */;
UNLOCK TABLES;

--
-- Table structure for table `outdepp`
--

DROP TABLE IF EXISTS `outdepp`;
/*!40101 SET @saved_cs_client     = @@character_set_client */;
/*!40101 SET character_set_client = utf8 */;
CREATE TABLE `outdepp` (
  `id` int unsigned NOT NULL AUTO_INCREMENT,
  `id_user` int unsigned NOT NULL,
  `id_depp` int unsigned NOT NULL,
  `id_account` int unsigned NOT NULL,
  `invoice` varchar(50) CHARACTER SET utf8 COLLATE utf8_bin NOT NULL,
  `date` timestamp NOT NULL DEFAULT CURRENT_TIMESTAMP,
  `total` decimal(20,2) NOT NULL,
  `discount` float NOT NULL,
  `dollar_rate` float NOT NULL,
  `type` enum('active','just_show','cancel','freeze') CHARACTER SET utf8 COLLATE utf8_bin NOT NULL,
  `status` enum('progress','done') CHARACTER SET utf8 COLLATE utf8_bin NOT NULL DEFAULT 'progress',
  `detail` varchar(200) CHARACTER SET utf8 COLLATE utf8_bin DEFAULT NULL,
  PRIMARY KEY (`id`),
  UNIQUE KEY `invoice` (`invoice`),
  KEY `FK_indepp_user` (`id_user`),
  KEY `FK_indepp_depp` (`id_depp`),
  KEY `FK_indepp_account` (`id_account`)
) ENGINE=InnoDB DEFAULT CHARSET=utf8 COLLATE=utf8_bin;
/*!40101 SET character_set_client = @saved_cs_client */;

--
-- Dumping data for table `outdepp`
--

LOCK TABLES `outdepp` WRITE;
/*!40000 ALTER TABLE `outdepp` DISABLE KEYS */;
/*!40000 ALTER TABLE `outdepp` ENABLE KEYS */;
UNLOCK TABLES;

--
-- Table structure for table `outdepp_extra`
--

DROP TABLE IF EXISTS `outdepp_extra`;
/*!40101 SET @saved_cs_client     = @@character_set_client */;
/*!40101 SET character_set_client = utf8 */;
CREATE TABLE `outdepp_extra` (
  `id` int unsigned NOT NULL AUTO_INCREMENT,
  `id_outdepp` int unsigned NOT NULL,
  `id_product` int unsigned NOT NULL,
  `qty` int unsigned NOT NULL,
  `cost` decimal(20,2) NOT NULL,
  `profit_one` decimal(20,2) DEFAULT NULL,
  `detail` varchar(200) CHARACTER SET utf8 COLLATE utf8_bin DEFAULT NULL,
  PRIMARY KEY (`id`),
  KEY `FK_indepp_extra_indepp` (`id_outdepp`),
  KEY `FK_outdepp_extra_product` (`id_product`)
) ENGINE=InnoDB DEFAULT CHARSET=utf8 COLLATE=utf8_bin COMMENT='id_indepp,id_product,qty,cost,detail';
/*!40101 SET character_set_client = @saved_cs_client */;

--
-- Dumping data for table `outdepp_extra`
--

LOCK TABLES `outdepp_extra` WRITE;
/*!40000 ALTER TABLE `outdepp_extra` DISABLE KEYS */;
/*!40000 ALTER TABLE `outdepp_extra` ENABLE KEYS */;
UNLOCK TABLES;

--
-- Table structure for table `perm`
--

DROP TABLE IF EXISTS `perm`;
/*!40101 SET @saved_cs_client     = @@character_set_client */;
/*!40101 SET character_set_client = utf8 */;
CREATE TABLE `perm` (
  `id` int unsigned NOT NULL AUTO_INCREMENT,
  `name` varchar(200) CHARACTER SET utf8 COLLATE utf8_bin NOT NULL,
  `perm` varchar(4) CHARACTER SET utf8 COLLATE utf8_bin NOT NULL DEFAULT '0000',
  `account` varchar(4) CHARACTER SET utf8 COLLATE utf8_bin NOT NULL DEFAULT '0000',
  `user` varchar(4) CHARACTER SET utf8 COLLATE utf8_bin NOT NULL DEFAULT '0000',
  `user_depp` varchar(4) CHARACTER SET utf8 COLLATE utf8_bin NOT NULL DEFAULT '0000',
  `city` varchar(4) CHARACTER SET utf8 COLLATE utf8_bin NOT NULL DEFAULT '0000',
  `branch` varchar(4) CHARACTER SET utf8 COLLATE utf8_bin NOT NULL DEFAULT '0000',
  `depp` varchar(4) CHARACTER SET utf8 COLLATE utf8_bin NOT NULL DEFAULT '0000',
  `fund` varchar(4) CHARACTER SET utf8 COLLATE utf8_bin NOT NULL DEFAULT '0000',
  `dollar_rate` varchar(4) CHARACTER SET utf8 COLLATE utf8_bin NOT NULL DEFAULT '0000',
  `brand` varchar(4) CHARACTER SET utf8 COLLATE utf8_bin NOT NULL DEFAULT '0000',
  `product` varchar(4) CHARACTER SET utf8 COLLATE utf8_bin NOT NULL DEFAULT '0000',
  `depp_cat` varchar(4) CHARACTER SET utf8 COLLATE utf8_bin NOT NULL DEFAULT '0000',
  `model` varchar(4) CHARACTER SET utf8 COLLATE utf8_bin NOT NULL DEFAULT '0000',
  `indepp` varchar(4) CHARACTER SET utf8 COLLATE utf8_bin NOT NULL DEFAULT '0000',
  `outdepp` varchar(4) CHARACTER SET utf8 COLLATE utf8_bin NOT NULL DEFAULT '0000',
  `store` varchar(4) CHARACTER SET utf8 COLLATE utf8_bin NOT NULL DEFAULT '0000',
  `ordered` varchar(4) CHARACTER SET utf8 COLLATE utf8_bin NOT NULL DEFAULT '0000',
  `log` varchar(4) CHARACTER SET utf8 COLLATE utf8_bin NOT NULL DEFAULT '0000',
  `backup` varchar(4) CHARACTER SET utf8 COLLATE utf8_bin NOT NULL DEFAULT '0000',
  `range` varchar(4) CHARACTER SET utf8 COLLATE utf8_bin NOT NULL DEFAULT '0000',
  PRIMARY KEY (`id`)
) ENGINE=InnoDB AUTO_INCREMENT=2 DEFAULT CHARSET=utf8 COLLATE=utf8_bin;
/*!40101 SET character_set_client = @saved_cs_client */;

--
-- Dumping data for table `perm`
--

LOCK TABLES `perm` WRITE;
/*!40000 ALTER TABLE `perm` DISABLE KEYS */;
INSERT INTO `perm` VALUES (1,'Admin','1111','1111','1111','1111','1111','1111','1111','1111','1111','1111','1111','1111','1111','1111','1111','1111','1111','1111','1111','1111');
/*!40000 ALTER TABLE `perm` ENABLE KEYS */;
UNLOCK TABLES;

--
-- Table structure for table `product`
--

DROP TABLE IF EXISTS `product`;
/*!40101 SET @saved_cs_client     = @@character_set_client */;
/*!40101 SET character_set_client = utf8 */;
CREATE TABLE `product` (
  `id` int unsigned NOT NULL AUTO_INCREMENT,
  `id_brand` int unsigned NOT NULL,
  `id_model` int unsigned DEFAULT NULL,
  `name` varchar(200) CHARACTER SET utf8 COLLATE utf8_bin NOT NULL,
  `code` varchar(50) CHARACTER SET utf8 COLLATE utf8_bin DEFAULT NULL,
  `price` decimal(10,2) NOT NULL,
  `price_buy` decimal(10,2) NOT NULL DEFAULT '0.00',
  `detail` varchar(200) CHARACTER SET utf8 COLLATE utf8_bin DEFAULT NULL,
  PRIMARY KEY (`id`),
  KEY `FK_product_brand` (`id_brand`),
  KEY `FK_product_model` (`id_model`)
) ENGINE=InnoDB DEFAULT CHARSET=utf8 COLLATE=utf8_bin;
/*!40101 SET character_set_client = @saved_cs_client */;

--
-- Dumping data for table `product`
--

LOCK TABLES `product` WRITE;
/*!40000 ALTER TABLE `product` DISABLE KEYS */;
/*!40000 ALTER TABLE `product` ENABLE KEYS */;
UNLOCK TABLES;

--
-- Table structure for table `range`
--

DROP TABLE IF EXISTS `range`;
/*!40101 SET @saved_cs_client     = @@character_set_client */;
/*!40101 SET character_set_client = utf8 */;
CREATE TABLE `range` (
  `id` int unsigned NOT NULL AUTO_INCREMENT,
  `name` varchar(200) CHARACTER SET utf8 COLLATE utf8_bin NOT NULL,
  `detail` varchar(200) CHARACTER SET utf8 COLLATE utf8_bin DEFAULT NULL,
  PRIMARY KEY (`id`)
) ENGINE=InnoDB DEFAULT CHARSET=utf8 COLLATE=utf8_bin;
/*!40101 SET character_set_client = @saved_cs_client */;

--
-- Dumping data for table `range`
--

LOCK TABLES `range` WRITE;
/*!40000 ALTER TABLE `range` DISABLE KEYS */;
/*!40000 ALTER TABLE `range` ENABLE KEYS */;
UNLOCK TABLES;

--
-- Table structure for table `range_perm`
--

DROP TABLE IF EXISTS `range_perm`;
/*!40101 SET @saved_cs_client     = @@character_set_client */;
/*!40101 SET character_set_client = utf8 */;
CREATE TABLE `range_perm` (
  `id_range` int unsigned NOT NULL,
  `id_perm` int unsigned NOT NULL,
  KEY `FK_range_perm_range` (`id_range`),
  KEY `FK_range_perm_perm` (`id_perm`),
  CONSTRAINT `FK_range_perm_perm` FOREIGN KEY (`id_perm`) REFERENCES `perm` (`id`),
  CONSTRAINT `FK_range_perm_range` FOREIGN KEY (`id_range`) REFERENCES `range` (`id`)
) ENGINE=InnoDB DEFAULT CHARSET=utf8 COLLATE=utf8_bin;
/*!40101 SET character_set_client = @saved_cs_client */;

--
-- Dumping data for table `range_perm`
--

LOCK TABLES `range_perm` WRITE;
/*!40000 ALTER TABLE `range_perm` DISABLE KEYS */;
/*!40000 ALTER TABLE `range_perm` ENABLE KEYS */;
UNLOCK TABLES;

--
-- Table structure for table `repairman`
--

DROP TABLE IF EXISTS `repairman`;
/*!40101 SET @saved_cs_client     = @@character_set_client */;
/*!40101 SET character_set_client = utf8 */;
CREATE TABLE `repairman` (
  `id` int unsigned NOT NULL AUTO_INCREMENT,
  `id_depp` int unsigned NOT NULL,
  `name` varchar(200) CHARACTER SET utf8 COLLATE utf8_bin NOT NULL DEFAULT '''''',
  `state` enum('active','inactive') CHARACTER SET utf8 COLLATE utf8_bin NOT NULL DEFAULT 'active',
  `mobile` varchar(50) CHARACTER SET utf8 COLLATE utf8_bin DEFAULT NULL,
  `detail` varchar(200) CHARACTER SET utf8 COLLATE utf8_bin DEFAULT NULL,
  PRIMARY KEY (`id`),
  KEY `FK_mobile_repairman_depp` (`id_depp`)
) ENGINE=InnoDB DEFAULT CHARSET=utf8 COLLATE=utf8_bin;
/*!40101 SET character_set_client = @saved_cs_client */;

--
-- Dumping data for table `repairman`
--

LOCK TABLES `repairman` WRITE;
/*!40000 ALTER TABLE `repairman` DISABLE KEYS */;
/*!40000 ALTER TABLE `repairman` ENABLE KEYS */;
UNLOCK TABLES;

--
-- Table structure for table `store`
--

DROP TABLE IF EXISTS `store`;
/*!40101 SET @saved_cs_client     = @@character_set_client */;
/*!40101 SET character_set_client = utf8 */;
CREATE TABLE `store` (
  `id` int unsigned NOT NULL AUTO_INCREMENT,
  `id_depp` int unsigned NOT NULL,
  `id_product` int unsigned NOT NULL,
  `qty` bigint NOT NULL,
  PRIMARY KEY (`id`),
  UNIQUE KEY `id_depp_id_product` (`id_depp`,`id_product`),
  KEY `FK_store_product` (`id_product`),
  CONSTRAINT `FK_store_depp` FOREIGN KEY (`id_depp`) REFERENCES `depp` (`id`),
  CONSTRAINT `FK_store_product` FOREIGN KEY (`id_product`) REFERENCES `product` (`id`)
) ENGINE=InnoDB DEFAULT CHARSET=utf8 COLLATE=utf8_bin;
/*!40101 SET character_set_client = @saved_cs_client */;

--
-- Dumping data for table `store`
--

LOCK TABLES `store` WRITE;
/*!40000 ALTER TABLE `store` DISABLE KEYS */;
/*!40000 ALTER TABLE `store` ENABLE KEYS */;
UNLOCK TABLES;

--
-- Table structure for table `user`
--

DROP TABLE IF EXISTS `user`;
/*!40101 SET @saved_cs_client     = @@character_set_client */;
/*!40101 SET character_set_client = utf8 */;
CREATE TABLE `user` (
  `id` int unsigned NOT NULL AUTO_INCREMENT,
  `id_perm` int unsigned NOT NULL,
  `name` varchar(200) CHARACTER SET utf8 COLLATE utf8_bin NOT NULL,
  `username` varchar(200) CHARACTER SET utf8 COLLATE utf8_bin NOT NULL,
  `password` varchar(200) CHARACTER SET utf8 COLLATE utf8_bin NOT NULL,
  `lang` varchar(10) CHARACTER SET utf8 COLLATE utf8_bin NOT NULL DEFAULT 'ku',
  `mobile` varchar(15) CHARACTER SET utf8 COLLATE utf8_bin DEFAULT NULL,
  `change_password` tinyint DEFAULT '0',
  `state` enum('active','deactive') CHARACTER SET utf8 COLLATE utf8_bin DEFAULT 'active',
  `email` varchar(200) CHARACTER SET utf8 COLLATE utf8_bin DEFAULT NULL,
  `detail` varchar(200) CHARACTER SET utf8 COLLATE utf8_bin DEFAULT NULL,
  PRIMARY KEY (`id`),
  UNIQUE KEY `username` (`username`),
  KEY `FK_user_perm` (`id_perm`)
) ENGINE=InnoDB AUTO_INCREMENT=8 DEFAULT CHARSET=utf8 COLLATE=utf8_bin;
/*!40101 SET character_set_client = @saved_cs_client */;

--
-- Dumping data for table `user`
--

LOCK TABLES `user` WRITE;
/*!40000 ALTER TABLE `user` DISABLE KEYS */;
INSERT INTO `user` VALUES (3,1,'DSH','syronz','$2y$10$jiFFRGONrkN8/yZuZCWWQO.fpZ9TC.M15IhECb69vyk5TRpbRuS/.','en','07505149171',0,'active','',''),(7,1,'admin','admin','$2y$10$4SMPNZ0W8B8.wu9/PvfyvePDL0.Whhw63kco0bCFHqVuza1UjSUhW','ku','07505149171',0,'active','sabina.diako@gmail.com',NULL);
/*!40000 ALTER TABLE `user` ENABLE KEYS */;
UNLOCK TABLES;

--
-- Table structure for table `user_depp`
--

DROP TABLE IF EXISTS `user_depp`;
/*!40101 SET @saved_cs_client     = @@character_set_client */;
/*!40101 SET character_set_client = utf8 */;
CREATE TABLE `user_depp` (
  `id` int unsigned NOT NULL AUTO_INCREMENT,
  `id_user` int unsigned NOT NULL,
  `id_depp` int unsigned NOT NULL,
  PRIMARY KEY (`id`),
  UNIQUE KEY `id_user_id_depp` (`id_user`,`id_depp`),
  KEY `FK_user_depp_depp` (`id_depp`)
) ENGINE=InnoDB AUTO_INCREMENT=16 DEFAULT CHARSET=utf8 COLLATE=utf8_bin;
/*!40101 SET character_set_client = @saved_cs_client */;

--
-- Dumping data for table `user_depp`
--

LOCK TABLES `user_depp` WRITE;
/*!40000 ALTER TABLE `user_depp` DISABLE KEYS */;
INSERT INTO `user_depp` VALUES (15,7,6);
/*!40000 ALTER TABLE `user_depp` ENABLE KEYS */;
UNLOCK TABLES;
/*!40103 SET TIME_ZONE=@OLD_TIME_ZONE */;

/*!40101 SET SQL_MODE=@OLD_SQL_MODE */;
/*!40014 SET FOREIGN_KEY_CHECKS=@OLD_FOREIGN_KEY_CHECKS */;
/*!40014 SET UNIQUE_CHECKS=@OLD_UNIQUE_CHECKS */;
/*!40101 SET CHARACTER_SET_CLIENT=@OLD_CHARACTER_SET_CLIENT */;
/*!40101 SET CHARACTER_SET_RESULTS=@OLD_CHARACTER_SET_RESULTS */;
/*!40101 SET COLLATION_CONNECTION=@OLD_COLLATION_CONNECTION */;
/*!40111 SET SQL_NOTES=@OLD_SQL_NOTES */;

-- Dump completed on 2020-07-18 23:47:47
